Timestamp,Image_Name,Doctor_Diagnosis,Doctor_Notes,AI_Condition,AI_Severity,AI_Confidence
2026-02-20 18:00:45,fundus_0001.jpg,THYROID-RELATED OPHTHALMOPATHY (TRO),"More rest, avoid strong light",OTHER,Normal,HIGH
2026-02-21 09:36:08,fundus_0001.jpg,THYROID-RELATED OPHTHALMOPATHY (TRO),-,OTHER,Low,HIGH
2026-02-21 09:44:09,fundus_0001.jpg,THYROID-RELATED OPHTHALMOPATHY (TRO),,OTHER,Low,HIGH
2026-02-21 09:46:55,fundus_0001.jpg,THYROID-RELATED OPHTHALMOPATHY (TRO),,HEALTHY,Low,HIGH
2026-02-21 09:59:49,fundus_0001.jpg,THYROID-RELATED OPHTHALMOPATHY (TRO),,HEALTHY,Low,HIGH
2026-02-21 10:02:33,composite_transfer.png,THYROID-RELATED OPHTHALMOPATHY (TRO),,HEALTHY,Normal,HIGH
2026-02-21 10:06:40,composite_transfer.png,THYROID-RELATED OPHTHALMOPATHY (TRO),,HEALTHY,N/A,1.0
2026-02-21 10:11:31,fundus_0001.jpg,THYROID-RELATED OPHTHALMOPATHY (TRO),,HEALTHY,N/A,1.0
2026-02-21 10:15:04,fundus_0003.jpeg,ACANTHAMOEBA KERATITIS,,RETINAL DETACHMENT (EXUDATIVE),Moderate,0.95
